[
  {
    "inputs": [
      {
        "internalType": "uint32",
        "name": "_domain",
        "type": "uint32"
      },
      {
        "internalType": "uint32",
        "name": "_mirrorDomain",
        "type": "uint32"
      },
      {
        "internalType": "address",
        "name": "_amb",
        "type": "address"
      },
      {
        "internalType": "address",
        "name": "_rootManager",
        "type": "address"
      },
      {
        "internalType": "address",
        "name": "_mirrorConnector",
        "type": "address"
      },
      {
        "internalType": "uint256",
        "name": "_mirrorGas",
        "type": "uint256"
      },
      {
        "internalType": "address",
        "name": "_checkPointManager",
        "type": "address"
      }
    ],
    "stateMutability": "nonpayable",
    "type": "constructor"
  },
  {
    "inputs": [],
    "name": "ProposedOwnable__acceptProposedOwner_delayNotElapsed",
    "type": "error"
  },
  {
    "inputs": [],
    "name": "ProposedOwnable__onlyOwner_notOwner",
    "type": "error"
  },
  {
    "inputs": [],
    "name": "ProposedOwnable__onlyProposed_notProposedOwner",
    "type": "error"
  },
  {
    "inputs": [],
    "name": "ProposedOwnable__proposeNewOwner_invalidProposal",
    "type": "error"
  },
  {
    "inputs": [],
    "name": "ProposedOwnable__proposeNewOwner_noOwnershipChange",
    "type": "error"
  },
  {
    "inputs": [],
    "name": "ProposedOwnable__renounceOwnership_delayNotElapsed",
    "type": "error"
  },
  {
    "inputs": [],
    "name": "ProposedOwnable__renounceOwnership_invalidProposal",
    "type": "error"
  },
  {
    "inputs": [],
    "name": "ProposedOwnable__renounceOwnership_noProposal",
    "type": "error"
  },
  {
    "anonymous": false,
    "inputs": [
      {
        "indexed": false,
        "internalType": "bytes",
        "name": "data",
        "type": "bytes"
      },
      {
        "indexed": false,
        "internalType": "address",
        "name": "caller",
        "type": "address"
      }
    ],
    "name": "MessageProcessed",
    "type": "event"
  },
  {
    "anonymous": false,
    "inputs": [
      {
        "indexed": false,
        "internalType": "bytes",
        "name": "data",
        "type": "bytes"
      },
      {
        "indexed": false,
        "internalType": "address",
        "name": "caller",
        "type": "address"
      }
    ],
    "name": "MessageSent",
    "type": "event"
  },
  {
    "anonymous": false,
    "inputs": [
      {
        "indexed": false,
        "internalType": "address",
        "name": "previous",
        "type": "address"
      },
      {
        "indexed": false,
        "internalType": "address",
        "name": "current",
        "type": "address"
      }
    ],
    "name": "MirrorConnectorUpdated",
    "type": "event"
  },
  {
    "anonymous": false,
    "inputs": [
      {
        "indexed": false,
        "internalType": "uint256",
        "name": "previous",
        "type": "uint256"
      },
      {
        "indexed": false,
        "internalType": "uint256",
        "name": "current",
        "type": "uint256"
      }
    ],
    "name": "MirrorGasUpdated",
    "type": "event"
  },
  {
    "anonymous": false,
    "inputs": [
      {
        "indexed": true,
        "internalType": "uint32",
        "name": "domain",
        "type": "uint32"
      },
      {
        "indexed": true,
        "internalType": "uint32",
        "name": "mirrorDomain",
        "type": "uint32"
      },
      {
        "indexed": false,
        "internalType": "address",
        "name": "amb",
        "type": "address"
      },
      {
        "indexed": false,
        "internalType": "address",
        "name": "rootManager",
        "type": "address"
      },
      {
        "indexed": false,
        "internalType": "address",
        "name": "mirrorConnector",
        "type": "address"
      }
    ],
    "name": "NewConnector",
    "type": "event"
  },
  {
    "anonymous": false,
    "inputs": [
      {
        "indexed": true,
        "internalType": "address",
        "name": "proposedOwner",
        "type": "address"
      }
    ],
    "name": "OwnershipProposed",
    "type": "event"
  },
  {
    "anonymous": false,
    "inputs": [
      {
        "indexed": true,
        "internalType": "address",
        "name": "previousOwner",
        "type": "address"
      },
      {
        "indexed": true,
        "internalType": "address",
        "name": "newOwner",
        "type": "address"
      }
    ],
    "name": "OwnershipTransferred",
    "type": "event"
  },
  {
    "inputs": [],
    "name": "AMB",
    "outputs": [
      {
        "internalType": "address",
        "name": "",
        "type": "address"
      }
    ],
    "stateMutability": "view",
    "type": "function"
  },
  {
    "inputs": [],
    "name": "DOMAIN",
    "outputs": [
      {
        "internalType": "uint32",
        "name": "",
        "type": "uint32"
      }
    ],
    "stateMutability": "view",
    "type": "function"
  },
  {
    "inputs": [],
    "name": "MIRROR_DOMAIN",
    "outputs": [
      {
        "internalType": "uint32",
        "name": "",
        "type": "uint32"
      }
    ],
    "stateMutability": "view",
    "type": "function"
  },
  {
    "inputs": [],
    "name": "ROOT_MANAGER",
    "outputs": [
      {
        "internalType": "address",
        "name": "",
        "type": "address"
      }
    ],
    "stateMutability": "view",
    "type": "function"
  },
  {
    "inputs": [],
    "name": "SEND_MESSAGE_EVENT_SIG",
    "outputs": [
      {
        "internalType": "bytes32",
        "name": "",
        "type": "bytes32"
      }
    ],
    "stateMutability": "view",
    "type": "function"
  },
  {
    "inputs": [],
    "name": "acceptProposedOwner",
    "outputs": [],
    "stateMutability": "nonpayable",
    "type": "function"
  },
  {
    "inputs": [],
    "name": "checkpointManager",
    "outputs": [
      {
        "internalType": "contract ICheckpointManager",
        "name": "",
        "type": "address"
      }
    ],
    "stateMutability": "view",
    "type": "function"
  },
  {
    "inputs": [],
    "name": "delay",
    "outputs": [
      {
        "internalType": "uint256",
        "name": "",
        "type": "uint256"
      }
    ],
    "stateMutability": "view",
    "type": "function"
  },
  {
    "inputs": [],
    "name": "fxChildTunnel",
    "outputs": [
      {
        "internalType": "address",
        "name": "",
        "type": "address"
      }
    ],
    "stateMutability": "view",
    "type": "function"
  },
  {
    "inputs": [],
    "name": "fxRoot",
    "outputs": [
      {
        "internalType": "contract IFxStateSender",
        "name": "",
        "type": "address"
      }
    ],
    "stateMutability": "view",
    "type": "function"
  },
  {
    "inputs": [],
    "name": "mirrorConnector",
    "outputs": [
      {
        "internalType": "address",
        "name": "",
        "type": "address"
      }
    ],
    "stateMutability": "view",
    "type": "function"
  },
  {
    "inputs": [],
    "name": "mirrorGas",
    "outputs": [
      {
        "internalType": "uint256",
        "name": "",
        "type": "uint256"
      }
    ],
    "stateMutability": "view",
    "type": "function"
  },
  {
    "inputs": [],
    "name": "owner",
    "outputs": [
      {
        "internalType": "address",
        "name": "",
        "type": "address"
      }
    ],
    "stateMutability": "view",
    "type": "function"
  },
  {
    "inputs": [
      {
        "internalType": "bytes",
        "name": "_data",
        "type": "bytes"
      }
    ],
    "name": "processMessage",
    "outputs": [],
    "stateMutability": "nonpayable",
    "type": "function"
  },
  {
    "inputs": [
      {
        "internalType": "bytes32",
        "name": "",
        "type": "bytes32"
      }
    ],
    "name": "processedExits",
    "outputs": [
      {
        "internalType": "bool",
        "name": "",
        "type": "bool"
      }
    ],
    "stateMutability": "view",
    "type": "function"
  },
  {
    "inputs": [
      {
        "internalType": "address",
        "name": "newlyProposed",
        "type": "address"
      }
    ],
    "name": "proposeNewOwner",
    "outputs": [],
    "stateMutability": "nonpayable",
    "type": "function"
  },
  {
    "inputs": [],
    "name": "proposed",
    "outputs": [
      {
        "internalType": "address",
        "name": "",
        "type": "address"
      }
    ],
    "stateMutability": "view",
    "type": "function"
  },
  {
    "inputs": [],
    "name": "proposedTimestamp",
    "outputs": [
      {
        "internalType": "uint256",
        "name": "",
        "type": "uint256"
      }
    ],
    "stateMutability": "view",
    "type": "function"
  },
  {
    "inputs": [
      {
        "internalType": "bytes",
        "name": "inputData",
        "type": "bytes"
      }
    ],
    "name": "receiveMessage",
    "outputs": [],
    "stateMutability": "nonpayable",
    "type": "function"
  },
  {
    "inputs": [],
    "name": "renounceOwnership",
    "outputs": [],
    "stateMutability": "nonpayable",
    "type": "function"
  },
  {
    "inputs": [],
    "name": "renounced",
    "outputs": [
      {
        "internalType": "bool",
        "name": "",
        "type": "bool"
      }
    ],
    "stateMutability": "view",
    "type": "function"
  },
  {
    "inputs": [
      {
        "internalType": "bytes",
        "name": "_data",
        "type": "bytes"
      }
    ],
    "name": "sendMessage",
    "outputs": [],
    "stateMutability": "nonpayable",
    "type": "function"
  },
  {
    "inputs": [
      {
        "internalType": "address",
        "name": "_fxChildTunnel",
        "type": "address"
      }
    ],
    "name": "setFxChildTunnel",
    "outputs": [],
    "stateMutability": "nonpayable",
    "type": "function"
  },
  {
    "inputs": [
      {
        "internalType": "address",
        "name": "_mirrorConnector",
        "type": "address"
      }
    ],
    "name": "setMirrorConnector",
    "outputs": [],
    "stateMutability": "nonpayable",
    "type": "function"
  },
  {
    "inputs": [
      {
        "internalType": "uint256",
        "name": "_mirrorGas",
        "type": "uint256"
      }
    ],
    "name": "setMirrorGas",
    "outputs": [],
    "stateMutability": "nonpayable",
    "type": "function"
  },
  {
    "inputs": [
      {
        "internalType": "address",
        "name": "_expected",
        "type": "address"
      }
    ],
    "name": "verifySender",
    "outputs": [
      {
        "internalType": "bool",
        "name": "",
        "type": "bool"
      }
    ],
    "stateMutability": "nonpayable",
    "type": "function"
  }
]
