{
    "root": false,
    "parser": "@typescript-eslint/parser",
    "parserOptions": {
        "project": "./tsconfig.json"
    },
    "env": {
        "es6": true
    },
    "plugins": ["import", "eslint-comments", "prettier"],
    "extends": [
        ".eslintrc.json",
        "eslint:recommended",
        "plugin:eslint-comments/recommended",
        "plugin:@typescript-eslint/recommended",
        "plugin:import/typescript",
        "prettier"
    ],
    "rules": {
        "@typescript-eslint/explicit-module-boundary-types": "off",
        "@typescript-eslint/no-non-null-assertion": "off",
        "@typescript-eslint/no-explicit-any": "off",
        "@typescript-eslint/no-var-requires": "off",
        "eslint-comments/disable-enable-pair": [
            "error",
            {
                "allowWholeFile": true
            }
        ],
        "eslint-comments/no-unused-disable": "error",
        "import/order": [
            "error",
            {
                "newlines-between": "always",
                "alphabetize": {
                    "order": "asc"
                }
            }
        ],
        "sort-imports": [
            "error",
            {
                "ignoreDeclarationSort": true,
                "ignoreCase": true
            }
        ],
        "prettier/prettier": "error"
    }
}
