{
    "extends": ["solhint:recommended"],
    "rules": {
        "max-states-count": "off",
        "no-inline-assembly": "off",
        "mark-callable-contracts": "off",
        "max-line-length": ["error", 120],
        "func-param-name-mixedcase": "error",
        "modifier-name-mixedcase": "error",
        "private-vars-leading-underscore": "off",
        "reason-string": ["error", { "maxLength": 64 } ],
        "compiler-version": ["off"],
        "func-visibility" : ["error", { "ignoreConstructors": true }]
    }
}
