[
  {
    "subgraphName": "connext/nxtp-amarok-runtime-staging-goerli",
    "network": "goerli",
    "source": [
      {
        "name": "ConnextHandler",
        "address": "0x8F5Ce8D12A6d825F725e465ccAf239953db0d327",
        "startBlock": 7550413
      },
      {
        "name": "Connector",
        "address": "0x96461CFcA78F126Fd41181cb8AC96e86E5AcB1d5",
        "startBlock": 7584631
      }
    ]
  },
  {
    "subgraphName": "connext/runtime-v0-opt-goerli-staging",
    "network": "optimism-goerli",
    "source": [
      {
        "name": "ConnextHandler",
        "address": "0x699245C07801f4a4031b821A0f194e00d8c74eC4",
        "startBlock": 947253
      },
      {
        "name": "Connector",
        "address": "0xD0981781BC3873290e9178E24af610ebCea79c1a",
        "startBlock": 1070832
      }
    ]
  },
  {
    "subgraphName": "connext/nxtp-amarok-runtime-staging-mumbai",
    "network": "mumbai",
    "source": [
      {
        "name": "ConnextHandler",
        "address": "0xD186493Db6CbE0DD27dE04A15450C9dfe1F5A497",
        "startBlock": 28068383
      },
      {
        "name": "Connector",
        "address": "0x2Ba3aB8588e0447132206Cf72d17b969A6cBeb91",
        "startBlock": 28082773
      }
    ]
  }
]
