{
  "logLevel": "debug",
  "redis": {
    "host": "relayer-cache",
    "port": 6379
  },
  "server": {
    "adminToken": "a",
    "port": 8080
  },
  "chains": {
    "1337": {
      "providers": ["http://chain-1337:8545"],
      "deployments": {
        "connext": "0x1411CB266FCEd1587b0AA29E9d5a9Ef3Db64A9C5"
      },
      "assets": [
        {
          "name": "TEST",
          "address": "0x8065F4c7b8c2bf53561af92D9DA2Ea022A0b28Ca"
        }
      ]
    },
    "1338": {
      "providers": ["http://chain-1338:8545"],
      "deployments": {
        "connext": "0x74e3FC764c2474f25369B9d021b7F92e8441A2Dc"
      },
      "assets": [
        {
          "name": "TEST",
          "address": "0x2467636BEa0F3c2441227eeDBfFaC59f11D54a80"
        }
      ]
    }
  },
  "web3SignerUrl": "http://signer-relayer:9000",
  "environment": "production"
}
